source_path,size_bytes,sha256,action,canonical_target,reason
analysis/SMML_GP0_STATIC_ANALYSIS_1.0.6.889.zip,141921,83226aeebf487d298838fd70a44a5804d4668c1968ab94ca1034d485f11eaf32,omitted-heavy-artifact,artifacts/,scan/corpus/static-analysis archive; keep locally if needed
analysis/probe/29-09-26_2h00/smml-gp0-runtime-probe-results.zip,1957,b8c60390a489b3f0cb305dd97ef0dae7e46a88a3dd84b711dc0da7aee4af2a4b,omitted-local-state,,probe runtime state/backups/quarantine are not repository source
analysis/probe/29-09-26_2h00/smml-gp0-runtime-probe-state/backups/Cache/Bundle/core_data.cbo,18917390,682efa4378e69f1a711e1d2147c302fbdd0dc8035f841c948d50c50964181351,omitted-local-state,,probe runtime state/backups/quarantine are not repository source
analysis/probe/29-09-26_2h00/smml-gp0-runtime-probe-state/backups/Survival/Scripts/game/SurvivalGame.lua,41773,934beb15dff2f34638128a56aa1be8586e363bc1a5d564698e9b8f09bf9d35c4,omitted-local-state,,probe runtime state/backups/quarantine are not repository source
analysis/probe/29-09-26_2h00/smml-gp0-runtime-probe-state/backups/Survival/Scripts/game/SurvivalPlayer.lua,42332,960d15b4a5f66e1fd9ea4af6bd81a6088893b9f71bd8c1ad9c6bafaa592ecf76,omitted-local-state,,probe runtime state/backups/quarantine are not repository source
analysis/probe/29-09-26_2h00/smml-gp0-runtime-probe-state/backups/Survival/Scripts/game/interactables/Crafter.lua,75026,f58f5bfb91172bd9ea60a2a7e5b8a3e5eae52e0b0ce6e07e988c6c08866f541c,omitted-local-state,,probe runtime state/backups/quarantine are not repository source
analysis/probe/29-09-26_2h00/smml-gp0-runtime-probe-state/backups/Survival/Scripts/game/managers/QuestManager.lua,31830,f4f489f8213715ebd54c378ab816bffaf3eb71f98267bb45594267a42222b17f,omitted-local-state,,probe runtime state/backups/quarantine are not repository source
analysis/probe/29-09-26_2h00/smml-gp0-runtime-probe-state/backups/Survival/Scripts/game/tools/CarryTool.lua,45022,ddbb727a8fb687f290f35ff359d626bdcf4983930c51ad24daadd26ee8702dbf,omitted-local-state,,probe runtime state/backups/quarantine are not repository source
analysis/probe/29-09-26_2h00/smml-gp0-runtime-probe-state/quarantine/core_data.cbo.probe-generated-20260929-023242,18964667,c2dca46476eed3ff16a76586f5537ba7d8226f9de781b7bd5663cd31ab144e3f,omitted-local-state,,probe runtime state/backups/quarantine are not repository source
analysis/probe/29-09-26_2h00/smml-gp0-runtime-probe-state/state.json,2610,7032f3fd6f9193ba424e1b4a4f575f845328096ba825a77e7b27f4f3ac9aa2f6,omitted-local-state,,probe runtime state/backups/quarantine are not repository source
analysis/probe/smml-gp0-runtime-probe-results-v0.1.3.zip,263571,86ec71f79b50293d9840e36c20a14acb0733707c12dbcd1822f623924309de1d,omitted-local-state,,probe runtime state/backups/quarantine are not repository source
analysis/smml-gp0-corpus-1.0.6.889.zip,61031849,2df387539a66a8e73a1043eec67e39c1562460f1a2a213e166d89b4f339f95c4,omitted-heavy-artifact,artifacts/,scan/corpus/static-analysis archive; keep locally if needed
analysis/smml-gp0-scan-1.0.6-before-new-install.zip,24593448,9e805a831840e982d64d1280fbd42105e0171be7f6e95d210755d41b5ebcfb6b,omitted-heavy-artifact,artifacts/,scan/corpus/static-analysis archive; keep locally if needed
analysis/smml-gp0-scan-1.0.6-new-install.zip,19875693,0acbb550236860100746b82df954087d672ad92903ebb014b766dd60ea957c3b,omitted-heavy-artifact,artifacts/,scan/corpus/static-analysis archive; keep locally if needed
analysis/smml-gp0-scan-1.0.6.889-vanilla-with-start.zip,19883716,01c1cf82f874851a554ace07a4bedf6d8a9937a31983bc3dd00c60de0044d861,omitted-heavy-artifact,artifacts/,scan/corpus/static-analysis archive; keep locally if needed
analysis/smml-gp0-scan-1.0.6.889-vanilla.zip,19876193,ea4df64f5de07429dd474a23168345b687e80a468018d985ececdc31fcf9957d,omitted-heavy-artifact,artifacts/,scan/corpus/static-analysis archive; keep locally if needed
analysis/smml-gp0-scan-1.0.6.zip,24615212,23d055fab54987bd82f8e0389a6824b0b2a8c7f0e10a6c9e3b85a2fd3e096569,omitted-heavy-artifact,artifacts/,scan/corpus/static-analysis archive; keep locally if needed
analysis/smml-gp1-foundation-v0.3.0.zip,105870,c6c6c62f2b542d17bd6a07cea4e5c8390d34f6b052c8a5967a37029504c7a488,omitted-generated,,"versioned release archive; latest contents imported as canonical source, old versions retained in original archive"
docs/Cahier des charges v0.1 — Plateforme de modding Scrap Mechanic Survival.md,45480,c392832cb34316ce3b2327c470f520d2a8d5b79b9efe8d9d63f54fd8ec1912c9,moved,docs/project/requirements-v0.1.md,normalized project documentation name
docs/ContractDescriptor.md,12685,ccdbc99492fbeb60c31d80201350913491f9fe59b4c7b63a5f16e62e8b2042ae,replaced,specs/contract-descriptor.md,canonical GP1 foundation v0.6.0 source
docs/GP05-final-combined.zip,17829,ac645a34088a3563ad9909984013da63396c247ae3603a5feaace90d89f0534e,omitted-binary-artifact,artifacts/,generated/result archive; not canonical Git source
docs/GameTargetIdentity.md,6179,2ae77bd184caa8a8933e37a76b105cbd756ce8fe9eb5eca3c4621bffee821ff8,replaced,specs/game-target-identity.md,canonical GP1 foundation v0.6.0 source
docs/HookPackManifest.md,13132,dd5863df27b9e9565bad30ce42eb7f3e35da79351b11502374703872ef414bb5,replaced,specs/hook-pack-manifest.md,canonical GP1 foundation v0.6.0 source
docs/Lockfile.md,9970,3d0ec3a8f60140012575c6274fa0014c53bee4151160f16d5c71f267d7b3e8ad,replaced,specs/lockfile.md,canonical GP1 foundation v0.6.0 source
docs/PackageManifest.md,12427,b72ee518dbc6d080a334608f1f75811cac5da43d03594a90acca29cb40faddf8,replaced,specs/package-manifest.md,canonical GP1 foundation v0.6.0 source
docs/Profile.md,6176,febac2486736e6c465f281b74e5e692393a711c1a9e21543edd935956dd8225e,replaced,specs/profile.md,canonical GP1 foundation v0.6.0 source
docs/Rapport de référence — Projet Scrap Mechanic Survival — 28 septembre 2026.md,22260,8e866946c1ddfbf12205289fc9d08155dab484a37f194f29070d6331b14d0387,moved,docs/reports/2026-09-28-reference-report.md,normalized dated report name
docs/SMML — Prompt de reprise pour nouvelle conversation.md,12648,8a2f9889479cbcceb96879eb3325d605aa865da442c88bd9fa1daafa802234e7,replaced,docs/project/ai-resume.md,old resume prompt superseded by current Git-oriented prompt
docs/SMML_GP0_2_CARRY_SUCCESS_TRACE.csv,1455,6cf36153e0e6f63b1a0ea4f5f63bc80171240b0c6af6aaf53fada5f614173dac,replaced,evidence/gp0/runtime/carry-success-trace.csv,canonical evidence imported from handoff v3
docs/SMML_GP0_2_RUNTIME_FINDINGS_V014.md,5004,391a68a0a4a0be307dc9d0bcd593fd2532e54b1fc379c7c7b8276f4a7b76d061,replaced,docs/gp0/runtime-findings.md,canonical handoff v3 copy
docs/SMML_GP0_2_STORAGE_MATRIX_DEDUP.csv,36025,1629b37afecc3427afff0ec1600e38e1d108801d0f8d4f92d3cb58c8ca1d3238,replaced,evidence/gp0/runtime/storage-matrix-208.csv,canonical evidence imported from handoff v3
docs/SMML_GP0_3_HOOK_MATRIX.md,8505,e4c644291d7d699d30103a0970f0034f6fa278168e59bb0893de052491bd6d15,replaced,docs/gp0/hook-matrix.md,canonical handoff v3 copy
docs/SMML_GP0_4_CONTENT_COMPOSER_MAP.md,10628,d6045bf1445a837269ce10325e82afb630c474770eea9dcfe4c1d5eb590d52d2,replaced,docs/architecture/content-composer.md,single canonical copy; duplicate GP0 copy removed
docs/SMML_GP0_CAPTURE_POLICY.md,5818,2648ee170d0af20bf4ec545f1a57d0bd09ed14499e6288fb6e5feada07e4304a,replaced,docs/gp0/capture-policy.md,canonical handoff v3 copy
docs/SMML_GP0_CARRY_STORAGE_LAB_SPEC.md,13619,fe053e5340f5edcd9077da31a877e59bd3eed02e806fa75ef2b8c755001c1862,replaced,docs/gp0/carry-storage-lab-spec.md,canonical handoff v3 copy
docs/SMML_HANDOFF_2026-09-29_v2.zip,59056194,0c444e220154faebd10d2f4523bf289ba1cab5a746c28ced1a1e71088a5bbb00,omitted-superseded,,older handoff; superseded by v3 and Git repository
docs/SMML_HANDOFF_2026-09-29_v3.zip,59129653,96f30189711d148f825a552162923fecb25c8044846695625bd4d535faa419f3,decomposed,docs/ + evidence/,handoff v3 decomposed into canonical docs/evidence; archive not tracked
docs/SMML_STATE_BASELINE_ARCHITECTURE.md,24446,f08cd42bc191f5591b2b75e1f9373ce51bdaa8d5361722252a2ba55f58f967bf,replaced,docs/architecture/state-baseline-transactions.md,canonical handoff v3 copy
docs/TransactionJournal.md,13115,7b39dfb7803e76f1ce6ec67df1156b18668ca2d4d61c2403b9ba2464be45962f,replaced,specs/transaction-journal.md,canonical GP1 foundation v0.6.0 source
docs/combined-preview.zip,10079,d4420a6df5de5605af5398839437a6ed1b4d68c35cfe3477ca982ae41a146962,omitted-binary-artifact,artifacts/,generated/result archive; not canonical Git source
docs/contract_descriptor_validation.py,3164,94c5cf37226989f6c8c34e6e411fb544e07d7f591e41b6236a9db4c09fc582bb,replaced,tests/contract_descriptor_validation.py,canonical GP1 foundation v0.6.0 test data/helper
docs/contract_descriptor_vectors.json,1142,7df09939d2fa8a91b189d3c67a88d03779b52cae2e5b3550fe56bea0d5e93c38,replaced,tests/contract_descriptor_vectors.json,canonical GP1 foundation v0.6.0 test data/helper
docs/gp0-evidence/GP05-20260929-153608/client-results.zip,295296,f45a216a11d78fccbb50040afc798a80daf2df8c83bb0a7ebc539b7a979d42e3,omitted-binary-artifact,artifacts/,generated/result archive; not canonical Git source
docs/gp0-evidence/GP05-20260929-153608/combined-results.zip,17859,20624d987de977ea1624c893be3a530f62d9da29a65a07dce0a2b26c2fe2deef,omitted-binary-artifact,artifacts/,generated/result archive; not canonical Git source
docs/gp0-evidence/GP05-20260929-153608/host-results.zip,305576,004f1340792d26817af7ae32deb3ed46f13f035326a8bee024f9e7f9a8a4b957,omitted-binary-artifact,artifacts/,generated/result archive; not canonical Git source
docs/hook-pack-manifest.valid.scrap-mechanic-1.0.6.889.json,1916,757ad0289c9e688f204644a2bd30d84c8cf6d8036fc11107cb893122e1a0c7b3,replaced,examples/hook-pack-manifest.valid.scrap-mechanic-1.0.6.889.json,canonical GP1 foundation v0.6.0 fixture
docs/hook_pack_manifest_vectors.json,2297,bf3f912eb13a6379e73882baebcda36879da22f9bbf463c45e6f60bbcec2f856,replaced,tests/hook_pack_manifest_vectors.json,canonical GP1 foundation v0.6.0 test data/helper
docs/package-manifest.valid.full-example.json,2535,5a1731fb5ea216b0243437596a6ff00fe4a05d5076985e7d0d2c7fe053af26e4,replaced,examples/package-manifest.valid.full-example.json,canonical GP1 foundation v0.6.0 fixture
docs/package_manifest_vectors.json,1929,17a29ffbb6f6585560b0bcada1cd2bb72cb24405b03f600e082d383b7dc26ad0,replaced,tests/package_manifest_vectors.json,canonical GP1 foundation v0.6.0 test data/helper
docs/recovery_vectors.json,4185,6e47356289e2481f1a75b441bd13fb713fb7fc148e706746c5087d414572012b,replaced,tests/recovery_vectors.json,canonical GP1 foundation v0.6.0 test data/helper
docs/smml-gp1-foundation-v0.2.0.zip,69048,8a017287292a4e96e04eacfaafefcd48b0757db9d6ad0d2112e896dd57064d96,omitted-generated,,"versioned release archive; latest contents imported as canonical source, old versions retained in original archive"
docs/smml-gp1-foundation-v0.4.0.zip,126331,b6a95d1d453b5843bb57a4cf396b8e73a869b7e1e6133dbd64d03f7e0331e30c,omitted-generated,,"versioned release archive; latest contents imported as canonical source, old versions retained in original archive"
docs/smml-gp1-foundation-v0.5.0.zip,147810,b973d0c8eea98cb141bded271f6bd2510cf500dc51b18d17df310cd74d7ac6e9,omitted-generated,,"versioned release archive; latest contents imported as canonical source, old versions retained in original archive"
docs/smml-gp1-foundation-v0.6.0.zip,191495,c8a968eb4c539610a571c76c87479f6aba122c0fa31ea8ac4c1345ed03b9f9c3,omitted-generated,,"versioned release archive; latest contents imported as canonical source, old versions retained in original archive"
docs/smml.canonical-game-policy-1.json,209,854788eb4a2f7fe41299c52a1bb8e71a4348de9ca845bdccf2f43f5403fa3e27,replaced,policies/smml.canonical-game-policy-1.json,canonical GP1 foundation v0.6.0 policy
docs/smml.contract-descriptor-1.schema.json,7140,ec8e8b4ebc66a8acd5f7a4061912f29e7054671dd6752d8d264753c11372c70c,replaced,schemas/smml.contract-descriptor-1.schema.json,canonical GP1 foundation v0.6.0 schema
docs/smml.game-target-1.schema.json,4308,3151e43ae0200f23e9027234385a8bd94e9fc7ec753a60962c4636908f060886,replaced,schemas/smml.game-target-1.schema.json,canonical GP1 foundation v0.6.0 schema
docs/smml.hook-pack-manifest-1.schema.json,11049,bd667dfb338943d6cabc643a218ac0929cdcd9740a9ad4a022365a67f9861548,replaced,schemas/smml.hook-pack-manifest-1.schema.json,canonical GP1 foundation v0.6.0 schema
docs/smml.lockfile-1.schema.json,12285,7148a6fe3a56b5c3ea8bc6558a05e24f9e388af8bc2c6af0befea4adf6eac4fc,replaced,schemas/smml.lockfile-1.schema.json,canonical GP1 foundation v0.6.0 schema
docs/smml.package-manifest-1.schema.json,9312,ee4d0ed5ad5d93c283d24eeee07940e1c8c8a3ccffb13ba60e3d23659d2efb94,replaced,schemas/smml.package-manifest-1.schema.json,canonical GP1 foundation v0.6.0 schema
docs/smml.profile-1.schema.json,5875,90b5d8adb00cf779e85a888c31914a2b2240952e8aeda18158e696a051e7861c,replaced,schemas/smml.profile-1.schema.json,canonical GP1 foundation v0.6.0 schema
docs/smml.transaction-journal-1.schema.json,6905,d36f1f69ca6c49cde8c3c01f617825ca6cf3051246459211cedd89830a3472ca,replaced,schemas/smml.transaction-journal-1.schema.json,canonical GP1 foundation v0.6.0 schema
docs/test_contract_descriptor.py,7735,a2577066ce3927d6392bca8bfe598bc8a6242d40549e98c798f658e12a4dc985,replaced,tests/test_contract_descriptor.py,canonical GP1 foundation v0.6.0 test
docs/transaction-journal.valid.committing.json,4782,fe651eed4337b5197ab5e998ad540a78def8fed16b8927c3a0bb588d2d26ae6f,replaced,examples/transaction-journal.valid.committing.json,canonical GP1 foundation v0.6.0 fixture
docs/transaction-journal.valid.recovery-required-stale-status.json,5372,85d7fed9b339f66f0f61fabc98f3255c4b027df40c15d1ef99fdef326e26fb4e,replaced,examples/transaction-journal.valid.recovery-required-stale-status.json,canonical GP1 foundation v0.6.0 fixture
scripts/hook_pack_manifest_validation.py,12149,7708e35707a2e88e6e587ad6657de760bc8539b4ee0321d433f1d07e5af6e049,not-imported,,not required in canonical working tree; retained in original smml.zip
scripts/smml-gp0-carry-storage-lab-v0.1.4/CHANGELOG.md,683,020724c66e54fcad4c719d226535f919756cc9aa969269c568d61a990ecaf9d3,moved,tools/gp0/carry-storage-lab/CHANGELOG.md,versionless active tool path
scripts/smml-gp0-carry-storage-lab-v0.1.4/PROBE_SPEC.md,3992,6a7c29437535aa708d40f86175be6508a0cc3cb6ffe8c050a3a8bbe14b49d2d0,moved,tools/gp0/carry-storage-lab/PROBE_SPEC.md,versionless active tool path
scripts/smml-gp0-carry-storage-lab-v0.1.4/README.md,6492,1f3e9473a2a1e5353aa853d10f9b6c82fea5bb0f394f6186c83df8fa31869517,moved,tools/gp0/carry-storage-lab/README.md,versionless active tool path
scripts/smml-gp0-carry-storage-lab-v0.1.4/SHA256SUMS,864,25f7cc7afb62c68f96db79f54c0945cb0731a959ea93c7819a7e312c0a92211c,omitted-generated,,package checksum file becomes stale when source is edited in Git
scripts/smml-gp0-carry-storage-lab-v0.1.4/__pycache__/smml_gp0_lab.cpython-313.pyc,58645,3e002f4cc16bb6987da701e78b3336704a6826c7025ad6d2772c411b8f04ecb8,omitted-temporary,,Python bytecode
scripts/smml-gp0-carry-storage-lab-v0.1.4/data/lab_manifest.json,7844,3893c366bbc1d272fa5b220b00692dc6b5db02019c2132bbe8dbd8868972b4bf,moved,tools/gp0/carry-storage-lab/data/lab_manifest.json,versionless active tool path
scripts/smml-gp0-carry-storage-lab-v0.1.4/payload/Lab.lua,17871,a655259a7f5c2f8e5370347e658ae58c65987d2849246eced23817f74da3d4b0,moved,tools/gp0/carry-storage-lab/payload/Lab.lua,versionless active tool path
scripts/smml-gp0-carry-storage-lab-v0.1.4/payload/LabConfig.lua.template,200,bee91b21bcc22b96bcd692c4ed84588ef6aded7293578c29ea934c5385dac24f,moved,tools/gp0/carry-storage-lab/payload/LabConfig.lua.template,versionless active tool path
scripts/smml-gp0-carry-storage-lab-v0.1.4/payload/LabData.lua,3887,6ba3b9cff25de322c525117bbfce1ffbe107fd581397e9426b5b84935e13dba2,moved,tools/gp0/carry-storage-lab/payload/LabData.lua,versionless active tool path
scripts/smml-gp0-carry-storage-lab-v0.1.4/payload/Runtime.lua,3786,75ddd5a39f8249331551fd1aeda0ea45be05c9f1e5331c24aff56894c12f1653,moved,tools/gp0/carry-storage-lab/payload/Runtime.lua,versionless active tool path
scripts/smml-gp0-carry-storage-lab-v0.1.4/smml_gp0_lab.py,41080,6a1b1a8f0612b454edca546d6230c9f51b3abf408afddc27f7a2bc63c564ddfb,moved,tools/gp0/carry-storage-lab/smml_gp0_lab.py,versionless active tool path
scripts/smml-gp0-carry-storage-lab-v0.1.4.zip,51691,69bf6bb1b3e47d4c66a9718053965044058bf129d168b63394c821332986897b,omitted-generated,,release archive; extracted source retained
scripts/smml-gp0-network-storage-probe-v0.2.0/CHANGELOG.md,769,4e56e5a0e012c31ac203d32958b6a384ca7b6b32c91c6ec2ab11febcb57301ba,moved,tools/gp0/network-storage-probe/CHANGELOG.md,versionless active tool path
scripts/smml-gp0-network-storage-probe-v0.2.0/PROBE_SPEC.md,4886,4ad776a0750772fe3c373ca4e799cdb063655f99b47800e68ee5dedfcf9249f4,moved,tools/gp0/network-storage-probe/PROBE_SPEC.md,versionless active tool path
scripts/smml-gp0-network-storage-probe-v0.2.0/README.md,9410,50f77fc74e0517678c40fbbb15634a395e2f0d8c094e6f5f6c15ff4e45b76e3e,moved,tools/gp0/network-storage-probe/README.md,versionless active tool path
scripts/smml-gp0-network-storage-probe-v0.2.0/SHA256SUMS,604,602a53b44b0d3703cd42f7030d28bc37e1fd71ee9f4de640a025639982038df8,omitted-generated,,package checksum file becomes stale when source is edited in Git
scripts/smml-gp0-network-storage-probe-v0.2.0/payload/Probe.lua,21340,c48175b00dff7d46bfdaf9ce3eaadc6a9f623d6603ae0507a0b743bb0b73b645,moved,tools/gp0/network-storage-probe/payload/Probe.lua,versionless active tool path
scripts/smml-gp0-network-storage-probe-v0.2.0/payload/ProbeConfig.lua.template,172,fe6bccb479b32e7f0945b5f7952a259e3570abc5c784639c174cb3f999398d81,moved,tools/gp0/network-storage-probe/payload/ProbeConfig.lua.template,versionless active tool path
scripts/smml-gp0-network-storage-probe-v0.2.0/payload/Runtime.lua,4115,ba8dc2401e9d4daa22d9f8cdb17f46b870e5d892b9f3caaf5138a66d7b7adbfb,moved,tools/gp0/network-storage-probe/payload/Runtime.lua,versionless active tool path
scripts/smml-gp0-network-storage-probe-v0.2.0/smml_gp0_network_storage_probe.py,46411,ab850622faabde3932f5608ad3b95a071fdddfac8a1e9e0a4f54665b2c8df4e8,moved,tools/gp0/network-storage-probe/smml_gp0_network_storage_probe.py,versionless active tool path
scripts/smml-gp0-network-storage-probe-v0.2.0.zip,24868,a59cf4d5433fbc6f0b994ea7de59996b58ffcdd264c6df49e22a49d2f2a77cd2,omitted-generated,,release archive; extracted source retained
scripts/smml-gp0-runtime-probe-v0.1.0.zip,26578,2bde6b5037088502a8f12abb45da99c06bca726e6a0b7187f98f43925cd23827,omitted-superseded,tools/gp0/runtime-probe/,historical manual version; latest v0.1.3 retained
scripts/smml-gp0-runtime-probe-v0.1.1.zip,27892,abd4cfcc734688733aff99b8e36f28892f43f030d16b0d48311183e4a45a18e7,omitted-superseded,tools/gp0/runtime-probe/,historical manual version; latest v0.1.3 retained
scripts/smml-gp0-runtime-probe-v0.1.2.zip,13449,75a671e0e98cb8530905caf21c2363cf7a321c16720b72f4319d03ac8b862b27,omitted-superseded,tools/gp0/runtime-probe/,historical manual version; latest v0.1.3 retained
scripts/smml-gp0-runtime-probe-v0.1.3.zip,13829,b8415ff0b8208f6cbfb0e1f2b1a6c997a3a45392ed26eec3ea22b62a53da2eec,extracted,tools/gp0/runtime-probe/,latest source extracted; archive omitted
scripts/test_hook_pack_manifest.py,13636,28fd276cc9678e6376fbe01be589ee36767f9832ddcad7bbc8a4b117585c3c47,not-imported,,not required in canonical working tree; retained in original smml.zip
scripts/test_package_manifest.py,8062,728357240bdaeec5d90f90346579cf23e3da6eeb51bb26cf5d90dc7caed4e4b8,not-imported,,not required in canonical working tree; retained in original smml.zip
smml-gp0-carry-storage-lab-results-v0.1.4.zip,384680,e880b0ccd17d8fe7a1e3b0452236fc28cbc67db2fbebc8a4bcb1db53760a0e98,omitted-binary-artifact,artifacts/,generated/result archive; not canonical Git source
smml-gp0-runtime-probe-results-v0.1.3-carry.zip,275110,d9328f2b4533329fbe1a7920b403abd8eb93abff50cd5b60754ae38ec4e14d3a,omitted-binary-artifact,artifacts/,generated/result archive; not canonical Git source
smml_gp0_capture.py,15984,fda36b37ecdb8f4abd62a59f5b1f07bd6cd8ef2bfbc0c785db93d599926574eb,moved,tools/gp0/capture/smml_gp0_capture.py,canonical capture tool
smml_gp0_capture_policy.json,4154,a4ad9b93d5b0581e0d1778b13fba718223c82426e882da7cc4261e0260593b2d,moved,tools/gp0/capture/capture-policy.json,canonical capture policy
smml_gp0_carry_storage_lab_manifest.json,7844,3893c366bbc1d272fa5b220b00692dc6b5db02019c2132bbe8dbd8868972b4bf,omitted-duplicate,tools/gp0/carry-storage-lab/data/lab_manifest.json,exact duplicate of tool data manifest
smml_gp0_scan_v1.0.py,27623,fa4688492b1aaf700886d1629eabe0c956a48a4b99f8ef99cafddb6777d177a6,omitted-superseded,tools/gp0/scan/smml_gp0_scan.py,"historical manual version; latest v1.2 retained, future history uses Git"
smml_gp0_scan_v1_1.py,29357,b42c76f423d5e58864336ac192d65025044593dcc4ef93a3d573c7dc57aedf5b,omitted-superseded,tools/gp0/scan/smml_gp0_scan.py,"historical manual version; latest v1.2 retained, future history uses Git"
smml_gp0_scan_v1_2.py,29758,bbe7bb5775f7c9a8abed33210c530b49ddd39fa988bf1a39cb7a26f68ebb953b,moved,tools/gp0/scan/smml_gp0_scan.py,latest scanner source; version moved to Git history
